model,outcome,family,n,participants,sigma_median,sigma_q025,sigma_q975,vpc_median,vpc_q025,vpc_q975,max_rhat,min_ess_bulk,min_ess_tail,divergences,max_treedepth_observed
cmj_gaussian_all_available,cmj,gaussian,81,28,0.147409,0.0373053275,0.260669875,0.2711625,0.017693312500000006,0.5840228249999999,1.00377,1139.84,1864.3,0,7
cmj_gaussian_complete,cmj,gaussian,75,25,0.168421,0.0489388525,0.3183912249999999,0.34152000000000005,0.03267251500000001,0.6995265249999999,1.00228,945.869,1318.38,0,7
cmj_gaussian_experience,cmj,gaussian,75,25,0.1783935,0.046571557500000006,0.33363109999999996,0.3694285,0.02772917,0.716825525,1.00343,881.77,1488.26,0,7
cmj_gaussian_no_work,cmj,gaussian,75,25,0.14935949999999998,0.022723645,0.26902535,0.2711775,0.0061537315000000006,0.5890898249999998,1.00276,938.444,1216.01,0,7
cmj_gaussian_wide_prior,cmj,gaussian,75,25,0.164907,0.04419285250000001,0.30207667499999985,0.3282395,0.025589495,0.667707575,1.0024,984.925,1683.28,0,7
cmj_student_t_complete,cmj,student_t,75,25,0.172392,0.06167386,0.31475899999999996,0.340552,0.038319197500000006,0.6976278249999999,1.00694,1048.35,1633.54,0,7
hr_max_gaussian_all_available,hr_max,gaussian,81,28,0.9789140000000001,0.7526834250000001,1.3164294999999997,0.927916,0.8673687,0.9632201499999999,1.00374,1616.08,2644.73,0,9
hr_max_gaussian_complete,hr_max,gaussian,75,25,0.983501,0.74951335,1.3427822499999997,0.9260664999999999,0.8606811999999999,0.96317945,1.00417,879.569,1679.61,0,8
hr_max_gaussian_experience,hr_max,gaussian,75,25,0.996688,0.755844725,1.38270925,0.9280200000000001,0.8624008,0.9650644500000001,1.00269,1346.73,2264.12,0,9
hr_max_gaussian_no_work,hr_max,gaussian,75,25,0.986265,0.7629975999999999,1.3305304999999998,0.9271309999999999,0.86604565,0.9628761499999999,1.00594,535.283,1103.06,0,8
hr_max_gaussian_wide_prior,hr_max,gaussian,75,25,1.0201500000000001,0.767535025,1.4037909999999993,0.9313855,0.86892325,0.9666704,1.00994,961.084,1465.51,0,8
hr_max_student_t_complete,hr_max,student_t,75,25,0.992524,0.753228625,1.3549914999999995,0.923151,0.8434555499999999,0.9618472,1.00535,983.319,1716.19,0,8
hr_mean_gaussian_all_available,hr_mean,gaussian,81,28,0.911859,0.6906765500000001,1.252692,0.8080195,0.672874825,0.8984072249999999,1.00275,1439.67,2477.64,0,7
hr_mean_gaussian_complete,hr_mean,gaussian,75,25,0.9158525,0.6815838000000001,1.2824379999999995,0.8061215,0.658849625,0.902153175,1.00585,1169.67,1962.73,0,8
hr_mean_gaussian_experience,hr_mean,gaussian,75,25,0.9336875,0.695519575,1.30661475,0.812934,0.6663904500000001,0.903833025,1.00565,1361.71,2854.43,0,8
hr_mean_gaussian_no_work,hr_mean,gaussian,75,25,0.9145825,0.685189075,1.2498475,0.8043905,0.658998,0.8958875,1.00613,1027.84,2173.15,0,7
hr_mean_gaussian_wide_prior,hr_mean,gaussian,75,25,0.918464,0.6817465500000001,1.2864154999999997,0.805228,0.6547388749999999,0.8997892,1.00603,1148.74,1776.57,0,7
hr_mean_student_t_complete,hr_mean,student_t,75,25,0.8639585,0.6385076749999999,1.2226194999999995,0.7828335,0.55089465,0.8935819,1.00302,1070.34,2053.84,0,7
hrv_gaussian_all_available,hrv,gaussian,81,28,0.38155249999999996,0.041742785000000004,0.6913854749999999,0.185824,0.002140432750000001,0.4681531,1.00295,1491.11,2550.88,0,7
hrv_gaussian_complete,hrv,gaussian,75,25,0.3343155,0.024365767500000003,0.6763998749999998,0.141469,0.0007240834250000001,0.4393579749999999,1.00334,1375.96,2215.33,0,6
hrv_gaussian_experience,hrv,gaussian,75,25,0.3526435,0.027234892500000014,0.7024613249999998,0.1568045,0.00092059235,0.4578722,1.00216,1354.66,2575.95,0,6
hrv_gaussian_no_work,hrv,gaussian,75,25,0.454832,0.0777101475,0.7960003249999998,0.2315855,0.006549419250000002,0.515713475,1.00198,1226.09,2059.94,0,7
hrv_gaussian_wide_prior,hrv,gaussian,75,25,0.3402995,0.024915180000000002,0.6877315999999999,0.14466099999999998,0.0007541137250000001,0.4482542249999999,1.00278,1413.79,2274.39,0,6
hrv_student_t_complete,hrv,student_t,75,25,0.35121250000000004,0.03209827,0.6967936749999999,0.14513199999999998,0.0012270870000000002,0.43929304999999985,1.00195,1286.01,2629.48,0,7
lactate_gaussian_all_available,lactate,gaussian,81,28,0.7483445,0.511904925,1.0693182499999996,0.6024175,0.362551975,0.77835175,1.00604,1450.9,2317.92,0,7
lactate_gaussian_complete,lactate,gaussian,75,25,0.6288585,0.3919874,0.9258941249999999,0.49155800000000005,0.22416290000000003,0.7062348999999999,1.00304,1552.1,2695.57,0,6
lactate_gaussian_experience,lactate,gaussian,75,25,0.6413314999999999,0.4008427,0.9774494499999999,0.500974,0.23648950000000002,0.724346175,1.00288,1560.21,2657.75,0,7
lactate_gaussian_no_work,lactate,gaussian,75,25,0.627769,0.388321425,0.9330934499999999,0.4890895,0.22291005,0.7068872749999999,1.00501,1332.23,2178.24,0,6
lactate_gaussian_sex,lactate,gaussian,75,25,0.62012,0.38505945,0.9238900999999998,0.485618,0.22115225,0.6960915499999999,1.00221,1607.65,2737.91,0,7
lactate_gaussian_strength,lactate,gaussian,75,25,0.6347590000000001,0.3940857,0.9609566249999993,0.495768,0.235187275,0.7214845999999999,1.00169,1665.57,2965.14,0,7
lactate_gaussian_wide_prior,lactate,gaussian,75,25,0.636538,0.39415565,0.9612827749999999,0.495028,0.23420245,0.7173931749999998,1.00168,1595.1,2868.21,0,7
lactate_student_t_complete,lactate,student_t,75,25,0.62087,0.39521252500000004,0.9334819749999997,0.47053750000000005,0.20958097500000003,0.6979329499999998,1.00214,1514.45,2727.92,0,7
rpe_gaussian_complete,rpe,gaussian,75,25,0.5975115,0.36783475000000004,0.9058336249999999,0.451044,0.19538115,0.677387525,1.00161,1604.37,2873.43,0,7
rpe_ordinal_all_available,RPE,cumulative_logit,81,28,1.6244999999999998,0.8776637500000001,2.56783475,0.4451105,0.1897198,0.667139575,1.00365,1834.49,2837.07,0,8
rpe_ordinal_complete,RPE,cumulative_logit,75,25,1.4361350000000002,0.6526132,2.3487684999999994,0.3853415,0.11462075000000001,0.6264306499999998,1.0033,1680.25,1824.77,0,7
rpe_ordinal_experience,RPE,cumulative_logit,75,25,1.5110000000000001,0.739874525,2.42074275,0.4096765,0.14265685,0.64044535,1.00241,1593.15,2567.3,0,7
rpe_ordinal_no_work,RPE,cumulative_logit,75,25,1.4469150000000002,0.6578014,2.3647167499999995,0.38889050000000003,0.11623745,0.6295922749999999,1.00243,1589.98,2731.13,0,7
rpe_ordinal_sex,RPE,cumulative_logit,75,25,1.4250250000000002,0.613341925,2.3365674999999997,0.3816695,0.102614175,0.6239904999999999,1.00268,1434.99,1856.49,0,7
rpe_ordinal_strength,RPE,cumulative_logit,75,25,1.42323,0.6794176749999999,2.3560635,0.3810745,0.1230474,0.6278807,1.00357,1923.34,3450.53,0,7
rpe_ordinal_wide_prior,RPE,cumulative_logit,75,25,1.98559,1.1258515,3.14154825,0.545123,0.27812827500000004,0.749994975,1.00203,1781.5,3035.1,0,8
