id,workout,sex_source,sex,age_years,height_cm,body_mass_kg,push_press_1rm_kg,relative_push_press,experience_months,predicted_hr_max,work_repetitions,ft_time_seconds,emom_round_density,rpe,lactate_pre,lactate_post,cmj_pre,cmj_post,cmj_change,hrv_pre,hrv_post,hr_mean,hr_max,work_repetitions_z,experience_months_z,relative_push_press_z,sex_woman,primary_complete_case
28,AMRAP,H,man,21.0,173.0,68.7,70.0,1.02,16,193.3,222,719,6.0,7.0,2.9,12.7,35.5,33.4,2.1,67.0,44.0,177.0,191.0,1.9533110437914207,-0.799267846618736,0.4271811496028136,0,True
28,FT,H,man,21.0,173.0,68.7,70.0,1.02,16,193.3,222,719,6.0,8.0,1.9,14.3,34.6,32.6,2.0,61.0,39.0,178.0,198.0,1.9533110437914207,-0.799267846618736,0.4271811496028136,0,True
28,EMOM,H,man,21.0,173.0,68.7,70.0,1.02,16,193.3,222,719,6.0,5.0,2.2,9.1,32.2,32.1,0.1,63.0,52.0,166.0,192.0,1.9533110437914207,-0.799267846618736,0.4271811496028136,0,True
9,AMRAP,M,woman,31.91,155.0,59.6,35.0,0.59,3,185.6632877,123,690,3.5,6.0,2.7,10.6,27.0,25.6,1.4,73.0,69.0,171.0,184.0,-2.027996466054033,-1.1452054163799963,-1.8385726130482334,1,True
9,FT,M,woman,31.91,155.0,59.6,35.0,0.59,3,185.6632877,123,690,3.5,8.0,2.4,12.2,29.3,26.4,2.9,59.0,53.0,177.0,188.0,-2.027996466054033,-1.1452054163799963,-1.8385726130482334,1,True
9,EMOM,M,woman,31.91,155.0,59.6,35.0,0.59,3,185.6632877,123,690,3.5,6.0,1.9,13.7,28.8,25.7,3.1,62.0,37.0,170.0,183.0,-2.027996466054033,-1.1452054163799963,-1.8385726130482334,1,True
10,AMRAP,M,woman,18.93,170.0,71.5,42.0,0.59,8,194.7460274,159,605,5.5,7.0,1.5,9.0,27.9,27.1,0.8,59.0,60.0,173.0,189.0,-0.5802482806556861,-1.0121525049333577,-1.8385726130482334,1,True
10,FT,M,woman,18.93,170.0,71.5,42.0,0.59,8,194.7460274,159,605,5.5,8.0,1.7,10.0,25.7,28.1,-2.4,58.0,23.0,159.0,183.0,-0.5802482806556861,-1.0121525049333577,-1.8385726130482334,1,True
10,EMOM,M,woman,18.93,170.0,71.5,42.0,0.59,8,194.7460274,159,605,5.5,9.0,1.4,11.1,26.7,26.6,0.1,62.0,31.0,160.0,180.0,-0.5802482806556861,-1.0121525049333577,-1.8385726130482334,1,True
31,AMRAP,M,woman,30.0,160.0,82.4,50.0,0.61,17,187.0,153,718,4.0,8.0,1.7,8.0,19.1,18.1,1.0,70.0,50.0,115.0,142.0,-0.821539644888744,-0.7726572643294083,-1.7331887171109752,1,True
31,FT,M,woman,30.0,160.0,82.4,50.0,0.61,17,187.0,153,718,4.0,7.0,1.0,6.2,19.6,18.1,1.5,70.0,51.0,141.0,152.0,-0.821539644888744,-0.7726572643294083,-1.7331887171109752,1,True
31,EMOM,M,woman,30.0,160.0,82.4,50.0,0.61,17,187.0,153,718,4.0,7.0,1.7,5.2,19.0,18.2,0.8,72.0,44.0,133.0,152.0,-0.821539644888744,-0.7726572643294083,-1.7331887171109752,1,True
30,AMRAP,M,woman,26.0,172.0,69.7,55.0,0.79,12,189.8,161,710,4.0,8.0,1.4,8.0,30.2,28.4,1.8,57.0,56.0,158.0,183.0,-0.49981782591133356,-0.9057101757760468,-0.7847336536756532,1,True
30,FT,M,woman,26.0,172.0,69.7,55.0,0.79,12,189.8,161,710,4.0,9.0,1.2,10.2,28.2,28.1,0.1,57.0,42.0,149.0,184.0,-0.49981782591133356,-0.9057101757760468,-0.7847336536756532,1,True
30,EMOM,M,woman,26.0,172.0,69.7,55.0,0.79,12,189.8,161,710,4.0,7.0,1.1,6.1,28.4,28.1,0.3,60.0,55.0,154.0,180.0,-0.49981782591133356,-0.9057101757760468,-0.7847336536756532,1,True
29,AMRAP,H,man,26.0,169.0,64.0,70.0,1.09,15,189.8,215,683,5.0,8.0,2.3,9.5,42.2,42.1,0.1,58.0,42.0,169.0,187.0,1.6718044521861868,-0.8258784289080637,0.7960247853832169,0,True
29,FT,H,man,26.0,169.0,64.0,70.0,1.09,15,189.8,215,683,5.0,8.0,1.7,12.3,42.6,40.9,1.7,65.0,28.0,160.0,183.0,1.6718044521861868,-0.8258784289080637,0.7960247853832169,0,True
29,EMOM,H,man,26.0,169.0,64.0,70.0,1.09,15,189.8,215,683,5.0,6.0,2.6,9.5,40.1,40.0,0.1,60.0,24.0,161.0,177.0,1.6718044521861868,-0.8258784289080637,0.7960247853832169,0,True
24,AMRAP,H,man,27.84,171.1,74.2,75.0,1.01,18,188.512,187,697,5.0,8.0,2.3,17.1,46.1,41.7,4.4,50.0,44.0,158.0,167.0,0.5457780857652503,-0.7460466820400805,0.3744892016341846,0,True
24,FT,H,man,27.84,171.1,74.2,75.0,1.01,18,188.512,187,697,5.0,7.0,2.8,13.0,48.4,43.3,5.1,53.0,20.0,155.0,171.0,0.5457780857652503,-0.7460466820400805,0.3744892016341846,0,True
24,EMOM,H,man,27.84,171.1,74.2,75.0,1.01,18,188.512,187,697,5.0,6.0,3.7,14.5,48.2,43.0,5.2,56.0,15.0,160.0,170.0,0.5457780857652503,-0.7460466820400805,0.3744892016341846,0,True
6,AMRAP,H,man,34.84,196.3,117.2,92.0,0.78,24,183.6112329,148,695,4.0,8.0,3.1,14.3,36.4,35.5,0.9,74.0,65.0,168.0,183.0,-1.0226157817496255,-0.5863831883041143,-0.8374256016442821,0,True
6,FT,H,man,34.84,196.3,117.2,92.0,0.78,24,183.6112329,148,695,4.0,7.0,3.0,12.7,39.8,39.0,0.8,59.0,32.0,173.0,188.0,-1.0226157817496255,-0.5863831883041143,-0.8374256016442821,0,True
6,EMOM,H,man,34.84,196.3,117.2,92.0,0.78,24,183.6112329,148,695,4.0,8.0,2.5,9.5,37.9,37.0,0.9,78.0,31.0,173.0,187.0,-1.0226157817496255,-0.5863831883041143,-0.8374256016442821,0,True
13,AMRAP,H,man,33.21,183.6,77.4,72.5,0.94,24,184.753,166,660,4.5,7.0,2.3,11.2,41.0,41.1,-0.1,50.0,26.0,168.0,180.0,-0.298741689050452,-0.5863831883041143,0.005645565853781307,0,True
13,FT,H,man,33.21,183.6,77.4,72.5,0.94,24,184.753,166,660,4.5,8.0,1.1,10.4,41.7,41.7,0.0,52.0,21.0,161.0,177.0,-0.298741689050452,-0.5863831883041143,0.005645565853781307,0,True
13,EMOM,H,man,33.21,183.6,77.4,72.5,0.94,24,184.753,166,660,4.5,7.0,3.0,8.8,39.6,41.4,-1.8,47.0,36.0,159.0,175.0,-0.298741689050452,-0.5863831883041143,0.005645565853781307,0,True
21,AMRAP,M,woman,29.1,160.0,55.72,40.0,0.72,24,187.63,145,655,4.0,6.0,2.1,6.9,25.4,24.4,1.0,76.0,37.0,170.0,182.0,-1.1432614638661545,-0.5863831883041143,-1.1535772894560563,1,True
21,FT,M,woman,29.1,160.0,55.72,40.0,0.72,24,187.63,145,655,4.0,7.0,2.0,7.7,25.0,24.5,0.5,72.0,40.0,171.0,187.0,-1.1432614638661545,-0.5863831883041143,-1.1535772894560563,1,True
21,EMOM,M,woman,29.1,160.0,55.72,40.0,0.72,24,187.63,145,655,4.0,7.0,1.8,6.3,23.0,26.4,-3.4,64.0,44.0,168.0,189.0,-1.1432614638661545,-0.5863831883041143,-1.1535772894560563,1,True
26,AMRAP,M,woman,29.0,173.0,66.7,55.0,0.82,24,187.7,155,634,5.0,7.0,3.1,13.1,29.6,27.7,1.9,52.0,45.0,167.0,185.0,-0.7411091901443914,-0.5863831883041143,-0.6266578097697666,1,True
26,FT,M,woman,29.0,173.0,66.7,55.0,0.82,24,187.7,155,634,5.0,9.0,2.0,14.4,29.3,24.2,5.1,59.0,54.0,170.0,188.0,-0.7411091901443914,-0.5863831883041143,-0.6266578097697666,1,True
26,EMOM,M,woman,29.0,173.0,66.7,55.0,0.82,24,187.7,155,634,5.0,7.0,0.6,8.7,29.6,27.0,2.6,64.0,22.0,176.0,188.0,-0.7411091901443914,-0.5863831883041143,-0.6266578097697666,1,True
27,AMRAP,M,woman,39.0,159.0,67.3,47.0,0.7,24,180.7,148,683,4.0,8.0,2.9,9.2,28.2,25.7,2.5,52.0,42.0,161.0,180.0,-1.0226157817496255,-0.5863831883041143,-1.2589611853933145,1,True
27,FT,M,woman,39.0,159.0,67.3,47.0,0.7,24,180.7,148,683,4.0,9.0,1.6,16.9,27.4,26.1,1.3,47.0,27.0,163.0,180.0,-1.0226157817496255,-0.5863831883041143,-1.2589611853933145,1,True
27,EMOM,M,woman,39.0,159.0,67.3,47.0,0.7,24,180.7,148,683,4.0,9.0,1.2,7.6,26.8,24.1,2.7,74.0,43.0,162.0,180.0,-1.0226157817496255,-0.5863831883041143,-1.2589611853933145,1,True
8,AMRAP,H,man,34.02,176.0,77.1,85.0,1.1,30,184.1865753,180,668,5.0,8.0,3.6,9.9,36.3,34.3,2.0,68.0,23.0,180.0,189.0,0.26427149416001616,-0.42671969456814796,0.8487167333518459,0,True
8,FT,H,man,34.02,176.0,77.1,85.0,1.1,30,184.1865753,180,668,5.0,9.0,2.3,11.6,33.8,36.7,-2.9,58.0,21.0,181.0,189.0,0.26427149416001616,-0.42671969456814796,0.8487167333518459,0,True
8,EMOM,H,man,34.02,176.0,77.1,85.0,1.1,30,184.1865753,180,668,5.0,6.0,2.4,6.6,38.4,36.4,2.0,73.0,28.0,168.0,183.0,0.26427149416001616,-0.42671969456814796,0.8487167333518459,0,True
25,AMRAP,M,woman,22.0,159.0,54.0,60.0,1.11,35,192.6,148,712,4.0,9.0,2.6,6.7,35.8,34.7,1.1,76.0,57.0,174.0,190.0,-1.0226157817496255,-0.2936667831215094,0.901408681320475,1,True
25,FT,M,woman,22.0,159.0,54.0,60.0,1.11,35,192.6,148,712,4.0,10.0,2.1,6.8,34.1,34.0,0.1,73.0,45.0,183.0,200.0,-1.0226157817496255,-0.2936667831215094,0.901408681320475,1,True
25,EMOM,M,woman,22.0,159.0,54.0,60.0,1.11,35,192.6,148,712,4.0,9.0,0.7,6.2,35.4,32.9,2.5,74.0,39.0,178.0,194.0,-1.0226157817496255,-0.2936667831215094,0.901408681320475,1,True
7,AMRAP,H,man,36.9,177.6,80.5,85.0,1.06,72,182.1709589,179,700,4.5,8.0,2.8,11.9,35.0,34.2,0.8,81.0,24.0,164.0,177.0,0.22405626678783988,0.690924761583616,0.6379489414773298,0,True
7,FT,H,man,36.9,177.6,80.5,85.0,1.06,72,182.1709589,179,700,4.5,8.0,3.1,14.5,37.0,35.9,1.1,56.0,45.0,176.0,186.0,0.22405626678783988,0.690924761583616,0.6379489414773298,0,True
7,EMOM,H,man,36.9,177.6,80.5,85.0,1.06,72,182.1709589,179,700,4.5,6.0,2.7,12.5,35.6,38.0,-2.4,51.0,25.0,162.0,178.0,0.22405626678783988,0.690924761583616,0.6379489414773298,0,True
16,AMRAP,H,man,44.45,177.5,93.0,95.0,1.02,114,176.885,185,690,5.0,8.0,2.3,10.0,42.8,40.7,2.1,43.0,53.0,166.0,176.0,0.4653476310208977,1.8085692177353803,0.4271811496028136,0,True
16,FT,H,man,44.45,177.5,93.0,95.0,1.02,114,176.885,185,690,5.0,9.0,2.1,11.1,43.7,41.7,2.0,45.0,22.0,167.0,181.0,0.4653476310208977,1.8085692177353803,0.4271811496028136,0,True
16,EMOM,H,man,44.45,177.5,93.0,95.0,1.02,114,176.885,185,690,5.0,7.0,2.0,5.6,43.0,42.4,0.6,51.0,16.0,162.0,177.0,0.4653476310208977,1.8085692177353803,0.4271811496028136,0,True
20,AMRAP,H,man,39.5,167.1,73.0,75.0,1.03,72,180.35,187,680,5.0,5.0,2.1,8.3,36.3,36.0,0.3,60.0,22.0,166.0,171.0,0.5457780857652503,0.690924761583616,0.4798730975714427,0,True
20,FT,H,man,39.5,167.1,73.0,75.0,1.03,72,180.35,187,680,5.0,6.0,1.6,12.3,38.9,36.8,2.1,58.0,40.0,152.0,173.0,0.5457780857652503,0.690924761583616,0.4798730975714427,0,True
20,EMOM,H,man,39.5,167.1,73.0,75.0,1.03,72,180.35,187,680,5.0,5.0,2.1,6.4,36.8,36.4,0.4,53.0,27.0,159.0,176.0,0.5457780857652503,0.690924761583616,0.4798730975714427,0,True
18,AMRAP,H,man,50.15,185.6,87.1,80.0,0.92,36,172.895,154,620,4.0,8.0,3.5,7.7,37.6,36.4,1.2,58.0,48.0,155.0,167.0,-0.7813244175165677,-0.2670562008321817,-0.09973833008347618,0,True
18,FT,H,man,50.15,185.6,87.1,80.0,0.92,36,172.895,154,620,4.0,8.0,3.1,12.6,36.4,36.1,0.3,65.0,50.0,153.0,165.0,-0.7813244175165677,-0.2670562008321817,-0.09973833008347618,0,True
18,EMOM,H,man,50.15,185.6,87.1,80.0,0.92,36,172.895,154,620,4.0,6.0,3.7,7.5,38.2,36.0,2.2,66.0,50.0,152.0,167.0,-0.7813244175165677,-0.2670562008321817,-0.09973833008347618,0,True
22,AMRAP,H,man,40.55,173.3,78.9,60.0,0.76,84,179.615,169,662,4.5,6.0,3.0,9.7,36.3,39.8,-3.5,59.0,25.0,162.0,171.0,-0.17809600693392313,1.0102517490555487,-0.9428094975815402,0,True
22,FT,H,man,40.55,173.3,78.9,60.0,0.76,84,179.615,169,662,4.5,7.0,2.5,6.5,37.6,37.7,-0.1,59.0,33.0,158.0,170.0,-0.17809600693392313,1.0102517490555487,-0.9428094975815402,0,True
22,EMOM,H,man,40.55,173.3,78.9,60.0,0.76,84,179.615,169,662,4.5,6.0,2.9,6.5,42.0,37.4,4.6,62.0,40.0,149.0,168.0,-0.17809600693392313,1.0102517490555487,-0.9428094975815402,0,True
14,AMRAP,M,woman,42.81,159.6,62.1,60.0,0.97,156,178.033,219,718,6.0,7.0,1.6,12.0,43.1,40.7,2.4,62.0,46.0,181.0,194.0,1.832665361674892,2.9262136738871445,0.16372140975966842,1,True
14,FT,M,woman,42.81,159.6,62.1,60.0,0.97,156,178.033,219,718,6.0,8.0,1.4,10.3,42.1,40.5,1.6,55.0,21.0,182.0,194.0,1.832665361674892,2.9262136738871445,0.16372140975966842,1,True
14,EMOM,M,woman,42.81,159.6,62.1,60.0,0.97,156,178.033,219,718,6.0,7.0,1.7,4.5,37.9,38.9,-1.0,56.0,24.0,185.0,200.0,1.832665361674892,2.9262136738871445,0.16372140975966842,1,True
17,AMRAP,M,woman,40.3,158.1,55.1,52.5,0.95,60,179.79,182,655,5.0,7.0,3.4,9.4,33.3,30.2,3.1,70.0,46.0,168.0,177.0,0.3447019489043688,0.3715977741116835,0.05833751382241035,1,True
17,FT,M,woman,40.3,158.1,55.1,52.5,0.95,60,179.79,182,655,5.0,7.0,2.5,11.8,34.3,34.2,0.1,58.0,31.0,160.0,175.0,0.3447019489043688,0.3715977741116835,0.05833751382241035,1,True
17,EMOM,M,woman,40.3,158.1,55.1,52.5,0.95,60,179.79,182,655,5.0,7.0,2.6,12.7,37.6,35.0,2.6,75.0,29.0,164.0,175.0,0.3447019489043688,0.3715977741116835,0.05833751382241035,1,True
1,AMRAP,H,man,47.47,180.9,90.9,100.0,1.1,36,174.7720548,179,705,5.5,7.0,2.2,13.7,40.3,38.0,2.3,67.0,15.0,172.0,192.0,0.22405626678783988,-0.2670562008321817,0.8487167333518459,0,True
1,FT,H,man,47.47,180.9,90.9,100.0,1.1,36,174.7720548,179,705,5.5,8.0,1.9,9.6,44.3,40.1,4.2,66.0,14.0,174.0,189.0,0.22405626678783988,-0.2670562008321817,0.8487167333518459,0,True
1,EMOM,H,man,47.47,180.9,90.9,100.0,1.1,36,174.7720548,179,705,5.5,6.0,1.7,9.4,40.9,40.0,0.9,69.0,19.0,165.0,182.0,0.22405626678783988,-0.2670562008321817,0.8487167333518459,0,True
5,AMRAP,H,man,31.78,173.9,74.2,84.0,1.13,60,185.7534247,211,669,6.5,8.0,1.4,10.2,40.3,38.6,1.7,60.0,58.0,178.0,197.0,1.5109435426974815,0.3715977741116835,1.006792577257732,0,True
5,FT,H,man,31.78,173.9,74.2,84.0,1.13,60,185.7534247,211,669,6.5,8.0,4.7,13.6,42.8,45.2,-2.4,58.0,13.0,183.0,194.0,1.5109435426974815,0.3715977741116835,1.006792577257732,0,True
5,EMOM,H,man,31.78,173.9,74.2,84.0,1.13,60,185.7534247,211,669,6.5,6.0,1.6,6.1,42.38,43.0,-0.62,75.0,18.0,171.0,193.0,1.5109435426974815,0.3715977741116835,1.006792577257732,0,True
15,AMRAP,H,man,41.9,170.1,68.8,80.0,1.16,96,178.67,189,645,5.0,6.0,1.9,16.5,42.2,39.7,2.5,43.0,46.0,153.0,162.0,0.6262085405096028,1.3295787365274812,1.164868421163619,0,True
15,FT,H,man,41.9,170.1,68.8,80.0,1.16,96,178.67,189,645,5.0,8.0,2.1,20.7,43.5,40.5,3.0,59.0,23.0,151.0,160.0,0.6262085405096028,1.3295787365274812,1.164868421163619,0,True
15,EMOM,H,man,41.9,170.1,68.8,80.0,1.16,96,178.67,189,645,5.0,5.0,3.1,11.1,39.6,39.6,0.0,57.0,32.0,143.0,159.0,0.6262085405096028,1.3295787365274812,1.164868421163619,0,True
23,AMRAP,H,man,37.3,169.0,72.6,90.0,1.24,100,181.89,188,673,5.0,8.0,1.6,13.4,37.8,33.3,4.5,53.0,36.0,155.0,166.0,0.5859933131374266,1.436021065684792,1.5864040049126513,0,True
23,FT,H,man,37.3,169.0,72.6,90.0,1.24,100,181.89,188,673,5.0,9.0,3.4,16.7,37.1,34.0,3.1,51.0,39.0,162.0,171.0,0.5859933131374266,1.436021065684792,1.5864040049126513,0,True
23,EMOM,H,man,37.3,169.0,72.6,90.0,1.24,100,181.89,188,673,5.0,7.0,2.3,10.4,34.6,35.0,-0.4,61.0,29.0,154.0,169.0,0.5859933131374266,1.436021065684792,1.5864040049126513,0,True
