id,workout,conditional_median_mmol_q025,conditional_median_mmol_median,conditional_median_mmol_q975,conditional_mean_mmol_q025,conditional_mean_mmol_median,conditional_mean_mmol_q975,future_session_mmol_q025,future_session_mmol_median,future_session_mmol_q975
1,AMRAP,8.799159429197868,10.840782721575032,13.309535729116284,8.998099706364213,11.077399812669348,13.618037005922028,6.71576617114824,10.856973120197313,17.16384370695752
5,AMRAP,7.525552908896396,9.455510142024579,11.826418696843904,7.67665333113806,9.664921550103333,12.1114125241533,5.929320327847819,9.466733662406028,15.162673306852769
6,AMRAP,9.392240515437551,11.743653887457162,14.673335025632513,9.63093480364344,12.009747291553627,14.992838864413624,7.510230705148301,11.737285159584648,18.546504799375427
7,AMRAP,9.614479373073808,11.95819897759582,14.916546125119606,9.842750468235097,12.213608967248188,15.248646683065845,7.53976377864088,11.924722528098334,19.00766839371006
8,AMRAP,7.614567776724495,9.390181293413473,11.533565946163412,7.771154498347025,9.60047563942004,11.795301244021825,5.92986938795594,9.380720412791732,14.984628044744865
9,AMRAP,9.636581366530908,12.353439174935762,15.888153602091478,9.868283123671928,12.621775597754766,16.237056248341446,7.653658186041299,12.36573424709081,19.80695393848213
10,AMRAP,8.623296835967077,10.71842550154945,13.233019065144996,8.826023693415042,10.954024323119926,13.541553447417046,6.7818056329722864,10.742950628018253,16.87177107556032
13,AMRAP,8.55964549363422,10.50085150937862,12.965482714489402,8.746759906966968,10.726629660352138,13.260397062578994,6.628409025960358,10.518125767516134,16.6942654591869
14,AMRAP,6.79437101029531,8.714885146592259,11.09881006528256,6.94102630531357,8.901348499248892,11.387483185686925,5.364652975260932,8.71842772859779,14.046029123129177
15,AMRAP,10.898569060452035,13.756617760539624,17.164415944513003,11.172056222240862,14.05775728030252,17.530429760409913,8.522940385204812,13.767053354137062,21.73024909979406
16,AMRAP,7.40170034398993,9.058390905918387,11.180398739313874,7.559128002617003,9.258780500680363,11.468557586488371,5.762331005389007,9.057473972970936,14.482318058466493
17,AMRAP,8.760793715369914,10.806901415744186,13.33615209997707,8.984537820572841,11.038002018811627,13.638875782338769,6.884992716144461,10.83839781724841,17.209492147830357
18,AMRAP,7.546271498615602,9.411911529032656,11.768109492487445,7.69582128999925,9.620437405306555,12.035929403259376,5.898730920393745,9.413784337863913,14.983248309321993
20,AMRAP,7.465283444084452,9.210687089167893,11.325698928923485,7.644078972320188,9.406207198393275,11.578481924686503,5.89528716811736,9.183200554657013,14.762501642192385
21,AMRAP,6.583828401022976,8.251528879389898,10.324399842246732,6.734963707108845,8.429066662074908,10.580441651897441,5.153587590173101,8.23525074642641,13.09358508036868
22,AMRAP,6.613309438238314,8.210513776502863,10.171299889944088,6.763220464291012,8.38991021874462,10.413545094349594,5.201754701204512,8.185173574339128,13.14190071232875
23,AMRAP,9.871987787908513,12.256856565835145,15.268990011285528,10.1362831052498,12.518972181134714,15.583868968366007,7.72055132307531,12.255725227802092,19.36951483825857
24,AMRAP,10.341697469996712,13.015032037183888,16.32059571337914,10.603807658326517,13.296713191842024,16.64827517105282,8.115844278503342,13.022010162584204,20.654806098836847
25,AMRAP,6.39684341126668,8.024950493799668,10.083400240020145,6.534918348778826,8.199856690368541,10.360431941367306,5.032422367140836,8.00036821941951,12.94026818831835
26,AMRAP,9.70294294694881,12.043714434131147,14.972665694270493,9.913913135236694,12.311547906475491,15.303538474737373,7.621747348886502,12.050274684118332,19.216544248601963
27,AMRAP,8.974903667599149,11.114538210618267,13.839064113503529,9.19064452705954,11.362806391228084,14.140393259069846,7.067688821232544,11.077184411200278,17.37691926987121
28,AMRAP,8.536668830389745,10.890024101241519,13.965877740718975,8.739882913294498,11.127617626750117,14.277375253731266,6.7085156730394795,10.914268389823265,17.571846089576347
29,AMRAP,7.957491207195685,10.056238822848401,12.639783282696037,8.131602816253025,10.269843888185195,12.916325074994141,6.185390880194254,10.025767655158054,16.070170574686085
30,AMRAP,7.399817038928323,9.21194489482428,11.437269450236682,7.5553758577688415,9.414861594845785,11.705508493914907,5.784585185655899,9.220189993517277,14.69376382866862
31,AMRAP,6.2706994285331445,7.886374314306341,9.84507440994731,6.399989280844227,8.060551693769634,10.109828339357112,4.998375087143378,7.839277813115577,12.632985107863242
1,FT,9.760495133428735,12.058785724081687,14.854090101579988,9.986316264101259,12.325178221522698,15.20148632906434,7.74068375946686,12.065538493582398,19.00974130338762
5,FT,8.319771684782854,10.505146711453879,13.182605309914393,8.493544506426876,10.734998374687386,13.476920604588438,6.5891563310964045,10.505407164769714,16.89413388626952
6,FT,10.438414237454651,13.063372871155833,16.314292562049307,10.687424740642802,13.343701408434939,16.67877539988769,8.191510399349076,13.049337229833132,20.904644334917247
7,FT,10.708932744710866,13.297972117346506,16.536876527233726,10.964042500762258,13.577912237321087,16.892283311723524,8.28111590910001,13.257206834538046,21.013721764204654
8,FT,8.476244808876924,10.435568874037902,12.843347992932836,8.66842782964503,10.668110544727984,13.145552129613606,6.5252427661760946,10.424318839198618,16.685443317322683
9,FT,10.766781304526905,13.731326110492473,17.59262491232344,11.022143408181893,14.03326965335857,17.9729580905865,8.506526731213093,13.727266912761738,22.02318026057614
10,FT,9.584478511133458,11.898962963209597,14.784554744536397,9.808279247908633,12.160751932707136,15.09277927993617,7.49006040103367,11.891099510573554,18.95657974330321
13,FT,9.512550779351635,11.662833949354717,14.359783691475247,9.730532888550524,11.918174713598026,14.666926803898377,7.383798304629188,11.675461592880385,18.486230909434045
14,FT,7.580738808584032,9.66699591072174,12.366525374059139,7.7371554804014515,9.87629187477522,12.662384333816412,5.991576142043963,9.619105287778357,15.736398451367833
15,FT,12.15079658879525,15.285421029416659,18.982496163570758,12.464894816654423,15.618792434170427,19.37556707152391,9.461078697634045,15.325255770476154,23.89839990381752
16,FT,8.210388582708239,10.074192947729578,12.448473028744964,8.394296204756676,10.287939922355427,12.767553823997625,6.324087090757315,10.106355766105672,16.099293283609107
17,FT,9.755924592483352,12.02572439618155,14.860306682846371,9.974856229538188,12.281719010437596,15.194825088621469,7.542352562171639,12.039342658254581,19.009995413470342
18,FT,8.414434298427954,10.461694053227305,13.028494519791499,8.596539788428704,10.692086654188955,13.320091033687241,6.630629008835362,10.475191304308378,16.76515913402221
20,FT,8.259227091036266,10.228056128430698,12.689424564680671,8.426489882585516,10.446240605707677,12.986823748932286,6.552367355918091,10.203064751009112,16.258893510802835
21,FT,7.328198431110829,9.156737068993907,11.531958680725563,7.498820760773671,9.355597150471606,11.793823681411885,5.724731076991476,9.16923594620469,14.741476724640902
22,FT,7.339199928127606,9.132033526722271,11.275538028550656,7.493367683096075,9.32413979184966,11.545594295855608,5.801051112535959,9.150993836212095,14.664195575756645
23,FT,10.986560817979173,13.627858272345495,16.956865993269428,11.2599429036488,13.921205026688192,17.318471385024775,8.561292413357398,13.732834154027648,21.657903307909493
24,FT,11.557183851604192,14.484651913091572,18.079893729592257,11.871524160345851,14.804948743819086,18.452615213511347,8.858388591333192,14.558797261051264,23.011869773335892
25,FT,7.108997255601338,8.936374324809728,11.216563542276468,7.2582115419376905,9.129371232952948,11.509366543346127,5.614556288616422,8.935593145440208,14.523491726080193
26,FT,10.738297271866413,13.396080980044843,16.723672872266096,11.00167553761876,13.690589667484456,17.1036145791116,8.35504928891995,13.479407367245164,21.31187795210457
27,FT,9.929954600500663,12.39309236569596,15.462062315650936,10.169327589542135,12.661243882510577,15.808693683653201,7.79914068583098,12.417506831930243,19.55050178167827
28,FT,9.510652132529916,12.130947658915778,15.426342762172977,9.745207496636784,12.3924003330449,15.775532052820063,7.47347336589876,12.103375286079153,19.393937319965747
29,FT,8.84615609398559,11.175684595890981,14.09905254881633,9.04366287312435,11.416487843243969,14.431882792481517,7.066562641068531,11.140418476069794,17.84394488905602
30,FT,8.170661969433654,10.2398528563834,12.734850865934076,8.3544538418039,10.466571726133314,13.03027376333446,6.443372098628491,10.22194021842314,16.53201370678083
31,FT,6.908417247823798,8.759481380336982,11.037877949152104,7.052581326341571,8.948649562695117,11.329021636716263,5.457229393855092,8.768363181312456,14.162657277531402
1,EMOM,7.229341912554937,8.889426620172213,10.981861430935,7.386272628924722,9.080242946223326,11.22768572937119,5.609151326767188,8.874885725540187,14.031811306793113
5,EMOM,6.152800542071298,7.746694997628284,9.820996225445384,6.277025291132428,7.9179207386590456,10.031811504551051,4.913229095518201,7.715210959468218,12.644365871246185
6,EMOM,7.7251765022383205,9.632541443785833,12.075969099710294,7.913065893210889,9.84213867732581,12.317502354778599,5.978764421519649,9.64172209976645,15.296406409101273
7,EMOM,7.927493245812183,9.811787804242996,12.172628666935838,8.104485821403832,10.028058512518783,12.438449843812357,6.153597397176909,9.860939548983897,15.316849993433957
8,EMOM,6.278427969352209,7.697805975682912,9.479488529058314,6.412927770239839,7.867159512514183,9.704785693004771,4.967336198739515,7.724543849099348,12.2471248213666
9,EMOM,7.9465679030112755,10.143848883941534,12.995899701900516,8.131569665221758,10.365616711794706,13.281176828342263,6.228746574412965,10.168597745313804,16.37459390549773
10,EMOM,7.041231296944185,8.778539501505703,10.885220482127428,7.197988548662983,8.962961614904842,11.128418755995435,5.557891755588481,8.807449327834078,14.087617775314154
13,EMOM,6.98065245033469,8.602095190617696,10.619201785278143,7.131800371181374,8.792418564618917,10.905227473331822,5.471656142062821,8.630575177540793,13.56858898294425
14,EMOM,5.572529889500143,7.135539422202295,9.181565363345548,5.6846809981940725,7.2836189536357345,9.414534573623976,4.447389904505001,7.0594809812072405,11.554547068975213
15,EMOM,8.977383050974236,11.25133175651468,14.021380594882515,9.20656146060205,11.494075767442473,14.309203530954148,6.998051213065175,11.286703599547408,17.840229605877404
16,EMOM,6.042136353796486,7.43111563609642,9.23291750536982,6.172875245619633,7.591063210210479,9.458099431541148,4.701527725331347,7.438445210616126,11.825348505627936
17,EMOM,7.219377644395403,8.87498282426019,10.984803774909082,7.391551662713549,9.064047001886347,11.251439045180714,5.587938805630849,8.899680412349213,14.012808363339692
18,EMOM,6.2226022030547465,7.7175607574800065,9.589193491737761,6.36017522470459,7.883151179010761,9.815715706340674,4.855562919147755,7.706120099127759,12.221205670472807
20,EMOM,6.14800692011382,7.554011149677026,9.260072227314273,6.273625007434221,7.716193482686411,9.489148937701577,4.790599934518409,7.585707614184113,11.967912476651584
21,EMOM,5.393315142176429,6.772812930815509,8.475376543970212,5.504681403734495,6.918832459092187,8.691103293261254,4.2548279635748125,6.740183327568834,10.776849418305604
22,EMOM,5.427938164769536,6.721457370448608,8.351319196429309,5.536662527316893,6.869140095972135,8.565480576996025,4.252441375170784,6.744236928018437,10.762664267139787
23,EMOM,8.134454360561039,10.056930516609635,12.51964987608917,8.323010958607146,10.2755495426308,12.786575788866529,6.285085590466822,10.075506935084764,16.15925088114674
24,EMOM,8.55077344500351,10.667849515142152,13.29625877131604,8.746345876288805,10.895557298094296,13.562632868529006,6.683907608273192,10.712372740579266,17.055905517686213
25,EMOM,5.18774040545521,6.5852151014631435,8.344292622012627,5.304462927701742,6.726922572162158,8.553153545718123,4.101520791004321,6.580385934785064,10.542046444125855
26,EMOM,7.970272745823151,9.879043559111436,12.34798789461356,8.15365193790735,10.092059993522675,12.64033262345144,6.208029918515222,9.854458066080308,15.521290241709863
27,EMOM,7.370611892569108,9.134463427413849,11.431113223051877,7.547424004757833,9.335999132387306,11.69335076795769,5.745542729756175,9.106438734236558,14.544754789767413
28,EMOM,7.040623314062088,8.922108077612336,11.371151192028046,7.188311842043992,9.11667990564532,11.640742193465757,5.540432901355618,8.870320637630822,14.413617236319594
29,EMOM,6.524499861115219,8.24624710124788,10.403445619307824,6.666434494746569,8.427480288948093,10.634302303623828,5.113147532665761,8.233723683204946,13.201169514676824
30,EMOM,6.024337904022164,7.544520476065128,9.4627787856329,6.15036947696196,7.708877333926096,9.691295151962645,4.742385917480278,7.523433970351737,12.200623137035617
31,EMOM,5.092733399278619,6.461416073724106,8.143911880472167,5.196060101001695,6.596565286774013,8.357925790923337,4.098603015950608,6.47409780972081,10.349890659491328
