id,workout,expected_rpe_q025,expected_rpe_median,expected_rpe_q975,p_rpe_5_q025,p_rpe_5_median,p_rpe_5_q975,p_rpe_6_q025,p_rpe_6_median,p_rpe_6_q975,p_rpe_7_q025,p_rpe_7_median,p_rpe_7_q975,p_rpe_8_q025,p_rpe_8_median,p_rpe_8_q975,p_rpe_9_q025,p_rpe_9_median,p_rpe_9_q975,p_rpe_10_q025,p_rpe_10_median,p_rpe_10_q975
1,AMRAP,6.407587468121908,7.180137373538626,7.911743267224363,0.004465229855302665,0.0301717631747129,0.15545097576859118,0.04624420052949027,0.18727508416376454,0.46591548917771736,0.19258172078395616,0.3752417507298507,0.5327152643608125,0.0868301150322154,0.2964731036533575,0.5298840509005986,0.009428482108952724,0.05647887132714147,0.22843429296074452,0.00032196222282479536,0.004272576758389157,0.034545990168824675
5,AMRAP,6.6481661331858986,7.469593230115525,8.218750022080005,0.00210741898323688,0.017125666028066693,0.1018692148543829,0.021869248109623193,0.11813410687834001,0.383458502033343,0.12218017502829766,0.33257181233027955,0.5109343671544501,0.1410073131688475,0.38300519051293713,0.5755062458698542,0.01699876712520915,0.09631265148012691,0.343990580926264,0.0006250294908799359,0.007744059850317897,0.05976506093670873
6,AMRAP,6.600014183697206,7.44832990382519,8.255917422117376,0.0018348331775496869,0.018023322735057537,0.11337484741047411,0.02009784906881039,0.12086309024286404,0.3972622107003661,0.11367810048174487,0.33516067633079316,0.5115322745782357,0.1260018549919428,0.3749464591614037,0.5796175406619005,0.01519019730604389,0.09411057648644933,0.357234896634306,0.0005215665513016721,0.007590672197226089,0.06394694065528274
7,AMRAP,6.55955375186885,7.376435107062906,8.133123085602394,0.002574490098008185,0.020939519708355663,0.11931767340361384,0.028146142861855218,0.1381240035351995,0.4135312135803258,0.14160910365275198,0.3502637239354386,0.5188815915340506,0.11491230324059697,0.35820108807383916,0.5644561155431674,0.014320501130742338,0.08131291394075857,0.3020314130494536,0.0004641598727081614,0.006470608447459447,0.052276600544188354
8,AMRAP,6.7732824958536355,7.569397466899808,8.325601209199768,0.001465249753455537,0.014058338280238659,0.0857111509075371,0.01646410374828358,0.0990987443720128,0.33351046023416925,0.09822995958757304,0.3107284892460463,0.4983952697127132,0.16684238404092433,0.40395088056516854,0.5911659052575448,0.02288820300629211,0.11573506206217171,0.39505980250361045,0.0008293298585271503,0.009809184851864439,0.07011618262310984
9,AMRAP,5.965285566305809,6.833795857540128,7.69560508824836,0.008483589999071093,0.05973031795609154,0.3093195668054191,0.07438692631693351,0.29226040943837445,0.5911442759953631,0.14771069185112276,0.3629955928817626,0.5272161271885476,0.030580386990790184,0.18716994633068434,0.47032990116713463,0.003072837320200783,0.02928880116207888,0.16301289599135899,0.00011046122906770706,0.0021854841958449667,0.025576042780194957
10,AMRAP,6.736089738204586,7.54779038153575,8.369817043108672,0.001329714438880535,0.014502873877160863,0.09061411540018299,0.01497916811981914,0.10180259256407717,0.34875777548324327,0.09062995175034276,0.31223605856716186,0.5018894444541027,0.15867816534386917,0.39949705299652505,0.5951590274349412,0.020425507148326413,0.1131486685654099,0.4025869398036576,0.0006914324064503125,0.009697716414425572,0.07803922098388356
13,AMRAP,6.588533317295225,7.321185233570628,8.017976912499325,0.0031922681406729783,0.02314071679018822,0.12095670337502071,0.0361574270183011,0.15006468992742023,0.3970154754575121,0.17080949531076423,0.360461766221996,0.5238122000354488,0.12118563379589187,0.3409529921600081,0.5509503168910617,0.014404208273832328,0.07447479174610844,0.2716664138121697,0.00046531472781597143,0.005826385898361819,0.045789059820550516
14,AMRAP,6.686044336112962,7.498776854137161,8.272640150419521,0.0016938514450721373,0.01616928332045676,0.09991630860206555,0.019078839304614306,0.11240326674783858,0.3652882300671557,0.1088412650468155,0.32599024465242477,0.5073201702349525,0.14702064982888266,0.3879901971049807,0.5859214749789124,0.01818644386021219,0.103867980490573,0.3656505297003965,0.0006297959169579897,0.008326497689891632,0.06377702996030157
15,AMRAP,5.964726416316277,6.8551829828267525,7.741661986322635,0.007931324813784401,0.057632102560455145,0.30503876545922565,0.06837956393026469,0.28710231234800176,0.5882634472067056,0.14498417180132833,0.3652036240631049,0.528131525634181,0.032843348163697904,0.19349166009080215,0.47729045497810174,0.0031047691327904946,0.029979945945185105,0.1772335822352873,0.00011605453972419467,0.0022169005716021206,0.025771021352441793
16,AMRAP,7.005680170589297,7.762237165848097,8.495360496850637,0.0010004824600028013,0.0092487897757111,0.06205648235877652,0.011219843695867152,0.06904689140682868,0.2575880732588545,0.06752119022270484,0.2577432378329518,0.46142460187863066,0.22397046933499004,0.43302365467440507,0.6053693389228497,0.0370392497002746,0.16065751268673872,0.470050370988167,0.001269031659935846,0.01448132102677574,0.09777471298352867
17,AMRAP,6.434424391913011,7.192051023746925,7.921167672929973,0.0043173672369155565,0.030201235694825045,0.15003960163088453,0.04473674922809424,0.1842226537445109,0.4550876036732765,0.19498923143880484,0.37222581712683395,0.5316152512622159,0.0881339157132924,0.29976946904817586,0.5300682960912461,0.009927904967112284,0.05756744767480787,0.23837323609419211,0.0003179521545533165,0.0044255339407177074,0.03687485448327877
18,AMRAP,6.4895608349908125,7.284485383960661,8.041645809863576,0.0031728458048950444,0.024902250282835103,0.1357046180100043,0.03272510110879664,0.1591398551152139,0.4427744900384378,0.1609807714996952,0.3617890621368334,0.5284661989212989,0.09894886694871664,0.3283674682496436,0.5537217839411338,0.011673392703898647,0.06959654976783308,0.27260415492631523,0.0003868624181210506,0.005419578109302825,0.044826576828079986
20,AMRAP,5.40797799484489,6.246165749099874,7.330943527723694,0.024334842650481234,0.1778415725605693,0.6583798582639295,0.14117872614326868,0.4121767847298333,0.6493934718040506,0.036103096458976996,0.2516093652895498,0.4813027229258916,0.005764452155459479,0.06667379060155798,0.3426304790233809,0.0005288709021938899,0.008502456209406928,0.10094050938091709,1.908902350091779e-05,0.000603515584057579,0.013639879872131099
21,AMRAP,6.078784153980399,6.9097229614828315,7.717679157679207,0.00750952262850239,0.05132333536318261,0.2670370493317193,0.07216932550994025,0.26962104404017945,0.560637263707811,0.17777615541919298,0.370381786770138,0.530960401900769,0.0429566788908594,0.20843922725298025,0.47075866512639647,0.0041283264727322525,0.03369999094300624,0.17466636082694653,0.00014302311973292127,0.0024424944866848763,0.026080841036553008
22,AMRAP,5.977892795671665,6.7778408294750445,7.589437564081848,0.011046865506557509,0.06573565254176264,0.3064692829501146,0.09348289561239635,0.313263242029599,0.5970678148219101,0.15994110978969525,0.36192698809555535,0.5258627795281272,0.03175966056049312,0.17272775098890147,0.4420771808417866,0.002998459612588025,0.026054643063280036,0.14543775780663495,0.0001073376737084575,0.001899439861384411,0.021486508466299126
23,AMRAP,6.98674042134335,7.765361301505136,8.519474501626892,0.0008780649863998696,0.009119219898260296,0.06294269234546601,0.009998350676140475,0.06907826401675995,0.26162032272840063,0.06514829671671489,0.2562598809573675,0.47003997970145284,0.2191832683140198,0.43258299783909426,0.6061108944542859,0.03629946162674861,0.16296635522477437,0.47758741252338,0.001242893081346333,0.014615079655548702,0.1047369200107483
24,AMRAP,6.375539507172197,7.196643108095201,7.971124629991566,0.0037547349329163033,0.0298823310903765,0.1621523358253692,0.04154341007716275,0.18154188016841416,0.4719522895502262,0.17758515177424203,0.37031731544383184,0.5316768471920982,0.07860192087046067,0.3011746760649728,0.5311367680050274,0.00830003938097294,0.0591656839774809,0.2514899286887073,0.00027929539907596004,0.004487843678998293,0.0413101749628488
25,AMRAP,7.376427595370406,8.410533811325255,9.193883774042101,0.00011193973902804892,0.0021757146966460902,0.032753762421324724,0.0012574167381006582,0.01709713723222927,0.1582432041721426,0.008599892141099914,0.08871387364891936,0.3624405412539182,0.08988804120696882,0.37211686129384,0.5737336427915979,0.08905326754632902,0.390769656805603,0.7321439031790288,0.004724715943488075,0.057533393287323265,0.36953727536168507
26,AMRAP,6.661776948417343,7.472916898740788,8.245480844904861,0.0018838881849922904,0.016936120690417118,0.10235993546512938,0.020390006787172746,0.11679087314032519,0.36521273407570304,0.11997778940130777,0.3303910953694146,0.5069591667363976,0.1429411837308693,0.3833996016257518,0.5800128115553864,0.017535797960668027,0.0976550413246487,0.34560478541779455,0.0005816372383374124,0.00792084898654477,0.061526971153153566
27,AMRAP,7.142959241912234,7.958596631346519,8.758943933481195,0.0004688463691863093,0.006010552104479785,0.04999823040310723,0.005343007973570905,0.0458754318942939,0.2174119660252083,0.03293122069125724,0.19846239085492706,0.4304679308261327,0.21369071382038302,0.4363808051624385,0.6029215134425324,0.054683898603080296,0.22237025219022238,0.5946551308838457,0.0020485206497971756,0.022262481498485198,0.15885159592654777
28,AMRAP,6.2816646121019275,7.158120434801635,7.973747904308425,0.0039789974297518215,0.03168581721168247,0.1939221569481061,0.038853364325979994,0.19246756466636955,0.5055455051691472,0.16710986503809502,0.3672520753194202,0.5298096441895139,0.06752128470685227,0.2877260743013662,0.5372168401437374,0.007292932847767009,0.05485450598962566,0.24672355675498914,0.00027588009382668865,0.0041912894576577875,0.037633196328195694
29,AMRAP,6.6485395982518805,7.481634388169855,8.26573827243087,0.0018645063067035535,0.0168588228207569,0.10128069041695721,0.0201394223080006,0.11607976870415881,0.38784995191650423,0.11216690713972431,0.32971810793897144,0.5076325126710455,0.1347739962397052,0.3818407642492048,0.5896672025588395,0.017520803732103664,0.09995893064284372,0.3642387294838886,0.000582626207836104,0.008112754437190284,0.06607109684265924
30,AMRAP,6.887741944631534,7.682660816366829,8.438749100633038,0.0011243716158713007,0.010897721682767843,0.07356094595997878,0.013371078581610168,0.07984336947572808,0.29108775934786174,0.07848138063770034,0.28129384180199873,0.48569375991758984,0.19576469556378934,0.42541575583463614,0.6023352666257509,0.029991445963878576,0.14119070611982149,0.4359998454478332,0.0010620200175276706,0.012149296616271454,0.0918429317440721
31,AMRAP,6.471226611415237,7.298304764709812,8.039483767277298,0.003040449503004944,0.024595914050307484,0.140004245298563,0.0334593479687887,0.15655688323019828,0.44238987445257494,0.16889526549884012,0.35899252330917697,0.5238623097076831,0.10054351729186756,0.333489139947149,0.548521030598044,0.011156918495805093,0.07058821649782793,0.26834858017248353,0.00036430363733871155,0.005448538165673311,0.046139890981234256
1,FT,6.944139040991073,7.7343564419475905,8.417645686518318,0.0012805506554058638,0.0100603353377475,0.05815480055494739,0.01383609368710528,0.07309933488162097,0.27352032764960177,0.08134724387007838,0.2661454663260844,0.4836997678689931,0.20681336755684732,0.43268177284400094,0.5999761382231276,0.0315447463175015,0.15496275608298798,0.43743844448518365,0.001078782688489996,0.013390603455750938,0.09516786663649203
5,FT,7.216474298885193,8.00469211922227,8.72014788320656,0.0005462526054487567,0.005600957567366846,0.039726697376420365,0.006390958390901658,0.042871972078839124,0.1932809670881362,0.04214620882556659,0.18611344628133383,0.42044414620227266,0.23650536856615018,0.44344572678279365,0.608506065559982,0.05712537423356339,0.24035194716868885,0.5562915127895309,0.002044276955139002,0.024271585289832087,0.16627044442998248
6,FT,7.158624081427146,7.981413857367997,8.783076525983574,0.0004930657397371975,0.0059255770765956894,0.041421598379479264,0.005476182555446822,0.04422680135708501,0.20996144925744978,0.03666062756992639,0.19332931967559208,0.43118742429503615,0.22089856340934647,0.43910719019451994,0.6044921977943322,0.04857938918525299,0.23093434547150632,0.5787989293050633,0.0017150289257315712,0.023104359669899877,0.17734921730937528
7,FT,7.132310471525135,7.914410706913763,8.62600447263812,0.0007178915111461469,0.0069470506756410255,0.04405644403628661,0.008328685621348012,0.0508192929914493,0.22278539615124937,0.053587691049531073,0.21246536485761902,0.4456900857292302,0.24121254574465484,0.4461831042267279,0.6114238795837511,0.0480402727808824,0.2074407476115287,0.5116135988798126,0.001624929538329767,0.02012639124485932,0.13459565452305636
8,FT,7.320341886597846,8.096042777741836,8.83591272569512,0.0003767805697200879,0.004547480654194124,0.0340537009192336,0.004532576865202568,0.035321448477732345,0.16844247740255786,0.030490965480143635,0.160415027660904,0.4032740186860689,0.21187456091266546,0.4372005764104159,0.6042098410748133,0.06445783709337607,0.27350764572985414,0.6088849783082607,0.002559675789578214,0.029752948986448424,0.19433042820424054
9,FT,6.475925454684089,7.399072917848769,8.221469524111399,0.002466852090962958,0.02002228364612972,0.12868230981043866,0.02485523821258537,0.13241142708480758,0.45603899976765094,0.12328411863610232,0.33899406639841734,0.5230717713417541,0.0907717840097482,0.36178109652324986,0.5719457343182239,0.01036738172019259,0.08554631982148503,0.3442316964754647,0.0003445432539791127,0.006772647831254808,0.06386036590298276
10,FT,7.309012071592163,8.077261063750058,8.841736327303025,0.00037679665170003605,0.004750030053913679,0.034239045898683956,0.00445440131026491,0.03647977662472865,0.16868105251950982,0.03061102088324002,0.16438704565746007,0.4038416165030122,0.21248368237231433,0.43510963534662256,0.60227891275918,0.06858184088414881,0.26769379541362126,0.6084846094557785,0.0021935681174514833,0.02912438693506897,0.2024452226524171
13,FT,7.136069137534889,7.8696125648024235,8.539684245845383,0.0008545617112255534,0.0074168341626005465,0.04616781376128019,0.010329533783446372,0.05639203395141676,0.2121484679098924,0.06490081133546062,0.22373358287053158,0.45248031915281917,0.2493499215067684,0.44598959774756886,0.6105910638407128,0.04444804581199203,0.19307139782689314,0.4942839463184353,0.0015508944255108797,0.018139025695371958,0.12021784574724985
14,FT,7.2554092658220135,8.032346640496769,8.770239959596948,0.0004997444534408875,0.005285586966654853,0.03771598069602791,0.005651205431270749,0.0408801812115252,0.1785762216034299,0.03698571822725088,0.17753204800793088,0.41865061011059596,0.2288497563083334,0.439539980381344,0.6073954240131475,0.058618311644389826,0.25225300397112654,0.5828247399177612,0.0021077433647767904,0.02566286956687086,0.17681399927833977
15,FT,6.4549855028580785,7.424149198915629,8.259547719911353,0.002353803001378325,0.019445159225766173,0.12728793098537425,0.02397797560189341,0.12779321977242136,0.45455838872138915,0.1168098906712102,0.3365337124973088,0.5179205171145533,0.09493221005996716,0.3650565049781789,0.5729223553414386,0.010495591028952606,0.0883804223973309,0.36185393220386386,0.000390319745928025,0.007042535966146457,0.07004142598993628
16,FT,7.543418581600733,8.280837773170054,8.953148311268743,0.00027578966322355927,0.0030224228603606676,0.023680423794823276,0.0030759439259546743,0.023505166949838865,0.1193590579248873,0.021914950828399962,0.11533813201513402,0.3411977605192859,0.17858099984173106,0.41582345697850953,0.5937882364253154,0.10586401053505749,0.346490828579818,0.6545808960947246,0.004128771826069711,0.04359877147092611,0.2465672017589569
17,FT,6.978414477661539,7.74440920455098,8.433186455704028,0.0011893305123923835,0.009834154302790736,0.05739091330384735,0.014262633000711218,0.07201658771243205,0.25913048541687345,0.08326715698700406,0.2640377627089885,0.4820594899373781,0.2178790408037607,0.43358439685693007,0.6017879412601197,0.032143404294527805,0.1564802759842922,0.44507745950113337,0.0011089692106846544,0.01371689061369441,0.09487681802207633
18,FT,7.043607841195427,7.829828503561696,8.554907591435738,0.0008988088630763876,0.008155030809409988,0.05208073380330755,0.00991833019029479,0.059970277890304076,0.25002409213304955,0.061397223631273284,0.2375442959670773,0.46147656891384525,0.2271695612276233,0.43899485875468225,0.6039032453941213,0.038566757877318336,0.18287904234646074,0.48887326681593213,0.0013056801879154061,0.01664833815320632,0.12242432932034922
20,FT,5.817981535083484,6.788168168741947,7.857545137770232,0.007723058525164184,0.06379142787110796,0.3769002284037541,0.06162091158122674,0.3056190590760667,0.6291957442609024,0.10635718750781957,0.3423900161389202,0.5189329420549272,0.01928035537925206,0.17519392482937468,0.48082847399460854,0.0018404170485837117,0.026489375211316724,0.22313382245832433,7.1309902376307e-05,0.0018886831218672406,0.03375666810570038
21,FT,6.608419622085119,7.474025163852668,8.253728130310147,0.002194747039083281,0.017174514542987664,0.10507789521530386,0.024183011467943688,0.11735234214377,0.40151152580586164,0.11930711671054368,0.33332854320825955,0.5183289084318983,0.12349581905464312,0.3780570203234728,0.5739921918140916,0.014075990460550717,0.09685154066618767,0.3657904743958488,0.0004850517492248742,0.007656130469885336,0.0680382634481758
22,FT,6.472237454120815,7.343200774280288,8.125794147654455,0.0031820693327965837,0.022423467858920326,0.12653540381252854,0.03201679905302715,0.14482361134198019,0.441966632372006,0.14242670199239502,0.3532966245249789,0.5306339160744357,0.09399399152086527,0.34486631443130394,0.558899015288314,0.010841113111836656,0.07622618441845502,0.30862926607235636,0.00037592092554419317,0.005994436603455888,0.05762347140423006
23,FT,7.531801446631478,8.282461970774303,8.996912512607357,0.0002446907858424342,0.0029663612132954193,0.024056649242236987,0.0027780523372348074,0.02315065675648096,0.12093913638222197,0.01965904077838157,0.11553546883696726,0.3408749096998184,0.16335953672752931,0.4130811972789237,0.5950547795457396,0.10088336466354343,0.3464566919666057,0.6611549175933275,0.004037710650929502,0.044176705501994096,0.2726697085098394
24,FT,6.919481282555467,7.745475479853424,8.502012865841847,0.0010972047354479752,0.009816484313097864,0.05976422617887464,0.012249567880188912,0.07055014514601943,0.2803573970046128,0.07446258073079179,0.26124852933599685,0.48537665082887044,0.200330357610351,0.4314437914182697,0.5982773150604394,0.02783868339822596,0.15868931436622075,0.4647177098599803,0.0010006358107667317,0.013924969879173965,0.11022539556224391
25,FT,7.902300853191746,8.862589683010688,9.602769948756922,2.9102918312379196e-05,0.0006992823054674418,0.012631328793074388,0.0003366913995495628,0.005521500713739545,0.06900726326345966,0.0024757004771422146,0.03102791929894536,0.22546829742861785,0.027405612310778083,0.21604862974304417,0.510036252510222,0.1806515993196286,0.49290196953359244,0.767781514075831,0.013866612610537149,0.15986606261707415,0.6655211393455046
26,FT,7.229700776571651,8.010537820982655,8.736193907792781,0.0005263439548206962,0.005543008242295306,0.03932877958514143,0.00599350478751296,0.04220639706861468,0.18593401098220932,0.039467252851366416,0.18208522042114988,0.422417972838098,0.2371180534230776,0.44170524041057013,0.6083682065360266,0.05532962402018848,0.24248467745324948,0.5674744181683594,0.0019397206653478049,0.024812070223956872,0.16789906299496096
27,FT,7.6854751401994434,8.463625329437733,9.211355201994037,0.00012303779121482502,0.0019064597902277531,0.019413668235949803,0.0014238928434806464,0.015212276083041761,0.09735008306135982,0.009971589435907953,0.08012353095514331,0.29244104245289526,0.09865301291853576,0.36692446631329567,0.5728878973974258,0.14223196909218253,0.4167678688411394,0.7160693397837806,0.00629594979820492,0.06659681538232831,0.3798357588139218
28,FT,6.8283803107145635,7.717203848924976,8.479745244492603,0.001120365718669742,0.010437522314375537,0.07487193925131232,0.012314359358414908,0.0757231123560496,0.32396873462373443,0.07178425069087954,0.271152828127342,0.4902608722194737,0.1744562901177457,0.42177756265694943,0.5974473862628987,0.023635543027942966,0.1504338356829482,0.4657497811777303,0.0008874574057789825,0.012931547789180042,0.09943079776622991
29,FT,7.223945837398996,8.008756442415315,8.752457364593232,0.0005383210303785367,0.005455554655538217,0.037682928537476165,0.005971489260362923,0.04190670308199289,0.1901848064058332,0.03876521707792351,0.18294544932822415,0.4208791018112737,0.2262979788200567,0.4389624837709273,0.6061396207943561,0.05472288140011838,0.24120934072089117,0.5769751754714773,0.0020487484488151547,0.0248268456477736,0.17190399861784483
30,FT,7.438668833135391,8.201188957271487,8.921924302776606,0.00029779030900902657,0.0035316348470054624,0.028418392724798673,0.0036238468210516846,0.027681466509420695,0.13882965365051483,0.024624428237631373,0.13243022692430045,0.3701972848295186,0.19135536470003492,0.4258885714811595,0.6005169365417615,0.08749870472780709,0.3158903490475821,0.6256256215985563,0.003369845760369875,0.037349839683611,0.23464241373631586
31,FT,7.021803349008426,7.840164170723626,8.577027152771047,0.0008545560952539241,0.008081788204555213,0.053282560799320755,0.009909687839097105,0.05927218705642534,0.24625078542177078,0.06077126615207221,0.2326253757805038,0.4670088982092362,0.2237420018514963,0.4379795747166604,0.6095223076501755,0.03623095267428201,0.18526661895498625,0.4979617758359418,0.001225365927870753,0.0166566227703549,0.12823930953547855
1,EMOM,5.881698128564521,6.614502587899648,7.393424392294039,0.014438986377373656,0.08958326041061695,0.36570174816552437,0.12811303115492623,0.3618820735094362,0.6050478582752217,0.13570064711885177,0.3452229997033256,0.5179566583428604,0.026713849086017944,0.13181218875589318,0.3838497580068927,0.002622711321529858,0.01888236964939355,0.10171944864843023,9.46272541928639e-05,0.0013556085108381022,0.013204881568910877
5,EMOM,6.130297602803832,6.897173465201631,7.704580463301737,0.0070370403677057205,0.052671894474624864,0.24823993039697903,0.06868379062889834,0.2724227512626938,0.554752860197653,0.18678856982090225,0.3751412094444685,0.5335434780900765,0.04842426530645901,0.20558600238135216,0.4810289879986888,0.0050561231501559676,0.033143787832426996,0.16236878187745146,0.00017605397317357885,0.0024788337236045233,0.021382500125231556
6,EMOM,6.063617049382629,6.882792476249081,7.760200943614853,0.005886727255189623,0.054490763787498175,0.2731227770137508,0.060990098458071504,0.2766206026756599,0.5606486366015653,0.17005456302534894,0.3687096490048645,0.5354803688773715,0.04195825246977613,0.20077192989979514,0.4973797082572477,0.00420724182830832,0.03280131337398989,0.17101685508532685,0.00014247892462664058,0.00248952967229521,0.022370834354363146
7,EMOM,6.035047944671611,6.805766722099185,7.612277022008923,0.008589737075006515,0.06342699900227786,0.2830580051778879,0.08409175562486182,0.3023062301962954,0.5671560835226966,0.17113532939408133,0.36903305364458633,0.5293820083012652,0.0389409270091814,0.18080627448361292,0.4607329655279579,0.0040894372661620685,0.027716194953719464,0.13888930150088696,0.00013823436304154503,0.0021126065203764255,0.018129831392726257
8,EMOM,6.2244069913141375,6.997232149643921,7.848797689953855,0.004657882136708104,0.04281343203976102,0.21732435101159078,0.050320934601486504,0.2404284190228421,0.5185190704874908,0.18491259127206958,0.3744260459941188,0.5368007842611883,0.05840750242947115,0.23565848586520527,0.5192727323803921,0.006490366603758652,0.04095108012663462,0.201185051480475,0.0002428706510729406,0.003131404144590677,0.02746251287178139
9,EMOM,5.524659811831536,6.289696860559275,7.130498912331891,0.02655000143587545,0.16555021581885193,0.5818995797116703,0.18446718706675766,0.420707671647887,0.6518976279836927,0.05557954770566486,0.2654593317108645,0.4791229295783405,0.008963895845875303,0.07330129728764717,0.29752281883171794,0.0008516791254282646,0.009417612826886246,0.06638152480935383,3.005020208444176e-05,0.0006874708120885309,0.008549075742334322
10,EMOM,6.15871526154899,6.981794129294661,7.880186776177935,0.004406338767655352,0.04514985220169351,0.2311241072812351,0.048078413625888855,0.2435960571593489,0.5360962441450824,0.1747054270990842,0.3703323037886895,0.5296860722643872,0.05354859514071042,0.23324477253134185,0.530170705086587,0.005843331969703805,0.040383794683611196,0.20641992427755473,0.0001913535318372739,0.0030925498524299044,0.028333666974653737
13,EMOM,6.032942902317061,6.75587919328324,7.517716444089177,0.010129294659785336,0.06870801490727706,0.2967693932238916,0.1007243755455542,0.3192543738669479,0.5653540558143028,0.17943468462872292,0.36651286009378836,0.5264725271647572,0.03855745143436919,0.16875475992370303,0.4257265381172088,0.00396579085863166,0.02538754250054892,0.12143766336514814,0.0001356086826379832,0.0018619523575758579,0.016420634763818522
14,EMOM,6.1429885225979906,6.932433263205961,7.7708021536323075,0.006085704448355938,0.04932118844761078,0.24976624901306874,0.06252325110640793,0.26233814626238117,0.5408889567759593,0.19355952267891163,0.374655164452224,0.5311640576919797,0.05081853900953743,0.21628198173916197,0.5013374093889186,0.005365557495502524,0.036410690511024135,0.176468227889487,0.00018471730452939152,0.0026785817549813684,0.022888050431378475
15,EMOM,5.522596813681053,6.305442136951013,7.192236670431947,0.02470166707743677,0.16109044083300417,0.5786338877658613,0.17158567835350788,0.41889832628101614,0.6525869672709734,0.05381532281450262,0.27021152924171293,0.48617112307426547,0.00945974085027997,0.07492474515391578,0.3110920233403356,0.0008852530133986903,0.009804009308158779,0.07650926351434713,3.2186336070216814e-05,0.0007104893188327188,0.009203460012538876
16,EMOM,6.435090519113828,7.203624080638151,8.003810572873435,0.0034336996219747856,0.02817218558995556,0.16744457000181173,0.03614968872580793,0.1799529197321561,0.4478301553563716,0.16705226599160744,0.3690453310729448,0.5292473505989352,0.0923750727797309,0.3036679532532818,0.5535002682062795,0.010880877008510684,0.05936393062371115,0.2504101128622513,0.00038733493146149434,0.004648265675572472,0.034692851980345225
17,EMOM,5.903131515859594,6.625932718180995,7.393888116818451,0.013936723314161154,0.08860206086108072,0.3622783765190012,0.1270738913029941,0.3577022549159755,0.5960347342824237,0.14263105667655837,0.3467824782266347,0.5173653583429517,0.027360408411490057,0.13530341690425302,0.3781679339330713,0.0027234490101749084,0.019277403298312568,0.10367079797586198,8.993482832808654e-05,0.0014147941370025174,0.012755203810357107
18,EMOM,5.983481088739164,6.712376497229499,7.533974582881185,0.01043192768502327,0.0751116403800394,0.3131310987362431,0.09594976740514766,0.3297236799945463,0.593706966816063,0.15264341103665358,0.3590107021923438,0.525124244032421,0.03312578256377112,0.15619204087497274,0.4323496830956324,0.0032910410204648024,0.023677582133647346,0.12057667683429536,0.00011129194267750775,0.0017261683530163108,0.016457568391291227
20,EMOM,5.147137899262834,5.770405883082919,6.772691505553641,0.06781607346289892,0.4038481441332865,0.872477381843807,0.10607223351909113,0.39356437715642,0.6390512107015864,0.011155726831648909,0.11131501810059308,0.3929386466195742,0.0015762256461201109,0.02297245996937497,0.1845159521376823,0.00014546761199214498,0.0027963618555713055,0.039795214432974575,4.976740136458658e-06,0.00019230417638760322,0.004691938812204661
21,EMOM,5.5987581137632025,6.362771120070643,7.153918242162416,0.02457858755225491,0.14486990526749405,0.5345862908024216,0.18424465501590642,0.4144791739784477,0.644603185678505,0.07391330799353694,0.2870104556543203,0.48732736523590464,0.01232632882638082,0.08332658653015051,0.2969749770920271,0.0011752251607582808,0.011044775459365275,0.07105341816124328,4.046224116054098e-05,0.0007857820541095628,0.009056604690923438
22,EMOM,5.529256310085262,6.238882562545629,7.035582050085594,0.03461422692686742,0.18184330853079275,0.5796875163227541,0.20867695500747468,0.4349680814711868,0.6577846983344817,0.059287899959027945,0.25061834006297057,0.45586763516480794,0.009150045953995694,0.06513136596662766,0.264835798495048,0.0008627002040250937,0.00834394581355491,0.058631677887046534,2.9307330446398664e-05,0.0006181942291325071,0.0075900611054728825
23,EMOM,6.412759327081785,7.212901693442221,8.033730376980522,0.003019194330254056,0.028162398833757846,0.16204740964452571,0.03400297865213773,0.1779681132913663,0.4537002556131615,0.16275453329218556,0.36511123646234633,0.5272106130965816,0.0899919107361104,0.3060763610126188,0.5613121673294521,0.010695135634583264,0.060185917734112415,0.26429865608399966,0.00038300285642819124,0.0047246380305813185,0.037363762284126106
24,EMOM,5.869501107767798,6.637483751193002,7.4562957824777625,0.01277298347589192,0.08800873305949415,0.3720580653220441,0.11753435981800867,0.3537980576819562,0.6032950153587585,0.1322830082622136,0.3471329795095234,0.5204164528890676,0.02511563626149545,0.13701940100345877,0.39655053960061487,0.002251839768085484,0.0198817405822313,0.11157277971712518,7.924509868200147e-05,0.0014199339372996667,0.014200890417261584
25,EMOM,6.798036498682718,7.90104133270553,8.817742905389544,0.00036925502906754164,0.006850056885229213,0.08842309084216385,0.004299892354123669,0.05181256417463363,0.32140857902160863,0.027437793740883346,0.21667140339459867,0.4653715179873424,0.15356863713247448,0.4158502286244947,0.6026131291791093,0.03059656522986595,0.20093098597005177,0.6268250749000582,0.001441904231634117,0.019148682073759582,0.1612613791490004
26,EMOM,6.131548327959472,6.9099359281628745,7.742300194969026,0.006146090849104634,0.0511397233354731,0.2535052387941343,0.06518963114302176,0.2694024188902992,0.5420692956007227,0.18783982743331276,0.3743622123783009,0.5329389640403546,0.04962431194934682,0.20980406543041114,0.4940313382281915,0.005381834511591607,0.03431756401536873,0.16561248096403813,0.00016992469719722127,0.00255449237103339,0.02354258862016068
27,EMOM,6.54033195679127,7.422129064450519,8.339806940055501,0.0015224519131065944,0.01869577514855786,0.1367671950161572,0.016571690741358256,0.12793727235032581,0.41208674118338334,0.0912527363235029,0.33449554768440404,0.5157065537483521,0.11474194810422743,0.366041882901037,0.5905363736522169,0.015640197048005875,0.08884828265554923,0.3941299879117965,0.0005905855855123405,0.0072531020583463945,0.06197975349733286
28,EMOM,5.767143598563903,6.592780493583746,7.486155923017455,0.012554416400475757,0.09433424852091132,0.4233344995630646,0.10763065940526145,0.3633796793553711,0.6149318225046345,0.1077270382143278,0.33755029145139825,0.5128278772419095,0.020862313740800265,0.1273338924791957,0.40912516104520363,0.0019837458047040125,0.01835265251710705,0.11437313769699603,7.529266976921135e-05,0.0013320689494727977,0.014242021803558252
29,EMOM,6.108149068446771,6.9076130683190815,7.781602133672441,0.006060623905265712,0.05094826414688693,0.2551789388398734,0.06023848324444578,0.2667550311575644,0.5530205935157414,0.17999129272127168,0.37176205626501546,0.5316617617094693,0.045427933415572504,0.20876433272366696,0.5040660046392391,0.004828372241399151,0.034373046941878094,0.18039439920285244,0.00016424341966404798,0.0025894951277538047,0.024652612174118047
30,EMOM,6.338726856940371,7.116440952545076,7.942022736860895,0.0036929063879580044,0.03418025771005201,0.1843821502826391,0.042321241473282915,0.20381454355324902,0.4785494362235009,0.17914489115389656,0.37407349025249015,0.5314368678892366,0.07611107468740992,0.2743856480780104,0.5428393518264548,0.009005597307923162,0.05102689594719456,0.23273324112045798,0.00030340914478488025,0.003922526823358363,0.03341430156179187
31,EMOM,5.959452711519215,6.728362211839874,7.542331960261644,0.010307495943208286,0.07275089791275474,0.3291849646861939,0.09737287250424977,0.32595856500879083,0.5811394481606311,0.15799001222785003,0.3629658764897752,0.5272870066503541,0.033157272593003564,0.15998922231049262,0.4249471241648032,0.003170354995734015,0.024063267483509287,0.12369831973093336,0.00010686704480723788,0.0017401440969355697,0.016899277157095032
