outcome,omitted_id,vpc_q025,vpc_median,vpc_q975,sigma_person_q025,sigma_person_median,sigma_person_q975,max_rhat,min_ess_bulk,min_ess_tail,divergences,max_treedepth_observed,sigma_residual_q025,sigma_residual_median,sigma_residual_q975,full_vpc_median,delta_vpc_median,absolute_delta_vpc_median
Lactate,1,0.2159139,0.481565,0.6817913,0.120801875,0.195434,0.279171275,1.0073,858.006,1531.62,0,7,0.168643475,0.204362,0.257428275,0.463326,0.018239000000000005,0.018239000000000005
Lactate,5,0.23021345,0.4835739999999999,0.6967397750000001,0.1255867,0.197345,0.289607425,1.00319,878.019,1589.72,0,6,0.167238875,0.2046215,0.253951975,0.463326,0.020247999999999877,0.020247999999999877
Lactate,6,0.193466825,0.458657,0.6743739249999998,0.1163709,0.191446,0.27882952499999997,1.00129,2352.42,3826.46,0,8,0.1714219,0.208844,0.26166269999999997,0.463326,-0.004669000000000034,0.004669000000000034
Lactate,7,0.19517235,0.4537274999999999,0.677416475,0.11699545,0.189577,0.276841225,1.00648,834.51,1345.69,0,7,0.17179095,0.2084929999999999,0.26035495,0.463326,-0.00959850000000012,0.00959850000000012
Lactate,8,0.1864794,0.457547,0.675500225,0.116893425,0.1918715,0.279772325,1.00568,691.775,1221.49,0,7,0.1701742,0.2097835,0.2640593,0.463326,-0.005779000000000034,0.005779000000000034
Lactate,9,0.20194955,0.463055,0.6778826250000001,0.115759025,0.186356,0.27296725,1.00484,691.982,1488.01,0,6,0.165416525,0.201682,0.25490775,0.463326,-0.0002710000000000212,0.0002710000000000212
Lactate,10,0.223799375,0.4814965,0.691149925,0.12428065,0.195252,0.28359745,1.00356,796.441,1328.01,0,6,0.1673188,0.2034639999999999,0.25411785,0.463326,0.01817049999999998,0.01817049999999998
Lactate,13,0.1834621,0.4615315,0.6721081999999999,0.1151139249999999,0.193964,0.28089515,1.00789,625.969,932.749,0,6,0.17287115,0.210706,0.2711930999999999,0.463326,-0.0017945000000000322,0.0017945000000000322
Lactate,14,0.2558664,0.5060899999999999,0.7061318750000001,0.126977475,0.1941885,0.2791180749999999,1.00395,766.216,1574.76,0,7,0.157756,0.1924199999999999,0.24164255,0.463326,0.04276399999999991,0.04276399999999991
Lactate,15,0.1424594,0.4142355,0.651282825,0.0963437875,0.1738084999999999,0.26113285,1.00343,736.586,1355.04,0,6,0.170078125,0.208098,0.26097225,0.463326,-0.04909050000000004,0.04909050000000004
Lactate,16,0.210513775,0.4672995,0.691294025,0.120933375,0.1927895,0.28092805,1.00371,861.352,1179.94,0,7,0.168288375,0.205855,0.25876445,0.463326,0.003973499999999963,0.003973499999999963
Lactate,17,0.232058125,0.4960785,0.7027083500000001,0.12506295,0.197444,0.284237725,1.00362,697.81,1379.5,0,6,0.16497615,0.2002445,0.252004925,0.463326,0.03275249999999996,0.03275249999999996
Lactate,18,0.19654605,0.474392,0.692342225,0.117190025,0.193843,0.287793075,1.0048,660.749,1326.22,0,6,0.16953,0.2058424999999999,0.25946455,0.463326,0.011065999999999965,0.011065999999999965
Lactate,20,0.20581955,0.468141,0.6817011250000001,0.118760875,0.1921865,0.283432325,1.00458,712.787,1489.16,0,6,0.1697238,0.2062875,0.261903075,0.463326,0.004814999999999958,0.004814999999999958
Lactate,21,0.1748183,0.440973,0.6665592,0.11192365,0.18536,0.2745307,1.00557,779.313,1281.5,0,6,0.17206035,0.2096575,0.2637411250000001,0.463326,-0.022353000000000012,0.022353000000000012
Lactate,22,0.1785817,0.45214350000000003,0.6771575999999998,0.108806575,0.18484699999999998,0.2765827,1.00306,2353.61,3621.52,0,7,0.16703165,0.2041365,0.25681185,0.463326,-0.011182499999999984,0.011182499999999984
Lactate,23,0.17855585,0.4450195,0.6646706750000001,0.11100495,0.1885525,0.276179475,1.00513,859.796,1335.71,0,7,0.1722821749999999,0.210578,0.266400725,0.463326,-0.018306500000000003,0.018306500000000003
Lactate,24,0.188436675,0.446346,0.6733429750000001,0.111089175,0.1834865,0.2724661,1.0054,848.421,1527.74,0,6,0.168060775,0.2047895,0.25696455,0.463326,-0.016979999999999995,0.016979999999999995
Lactate,25,0.1638085,0.429259,0.6477461,0.106000225,0.1796395,0.261491175,1.00413,853.974,1413.36,0,7,0.17013545,0.2073054999999999,0.263183325,0.463326,-0.034067000000000014,0.034067000000000014
Lactate,26,0.16009875,0.4409754999999999,0.6559659250000001,0.108545725,0.1865115,0.271028975,1.00452,688.815,1197.97,0,6,0.17229155,0.211396,0.264374175,0.463326,-0.022350500000000106,0.022350500000000106
Lactate,27,0.235877525,0.4917775,0.70666175,0.1259066,0.1971554999999999,0.28398055,1.00319,906.686,1469.71,0,6,0.164504125,0.2003325,0.252765,0.463326,0.028451499999999963,0.028451499999999963
Lactate,28,0.204846175,0.4569539999999999,0.6758462,0.1205484999999999,0.19266,0.283474075,1.00447,912.657,1294.5,0,6,0.1719171749999999,0.2104929999999999,0.26356065,0.463326,-0.0063720000000001,0.0063720000000001
Lactate,29,0.188127825,0.4626369999999999,0.685550925,0.1164142,0.1943309999999999,0.2850525,1.00844,737.874,1395.9,0,6,0.1714663,0.2097175,0.26358775,0.463326,-0.0006890000000001062,0.0006890000000001062
Lactate,30,0.20296085,0.4540385,0.672948975,0.116352875,0.190631,0.2790488,1.00375,832.933,1402.99,0,6,0.1715685,0.210127,0.26353385,0.463326,-0.009287500000000004,0.009287500000000004
Lactate,31,0.18032115,0.4342705,0.666200425,0.10944375,0.1818135,0.2718981,1.00327,806.678,1420.19,0,7,0.1698952249999999,0.207839,0.258382675,0.463326,-0.029055500000000012,0.029055500000000012
RPE,1,0.055470405,0.3048775,0.524646725,0.4395543249999999,1.201215,1.9055295,1.00388,959.313,1336.42,0,6,,,,0.2972285,0.007649000000000017,0.007649000000000017
RPE,5,0.0507535,0.311362,0.536708725,0.419404275,1.2196250000000002,1.95223025,1.00478,775.196,1060.58,0,6,,,,0.2972285,0.014133500000000021,0.014133500000000021
RPE,6,0.0628416975,0.3185515,0.5396614249999999,0.469684425,1.2401149999999999,1.96386175,1.00108,3124.18,3797.1,0,6,,,,0.2972285,0.02132299999999998,0.02132299999999998
RPE,7,0.06197742,0.312306,0.5333083000000001,0.466228675,1.22231,1.938933,1.0041,949.377,1243.93,0,6,,,,0.2972285,0.015077499999999966,0.015077499999999966
RPE,8,0.0509834525,0.313253,0.5342856500000001,0.4204045999999999,1.225005,1.94274375,1.0028,921.517,1158.43,0,7,,,,0.2972285,0.016024499999999997,0.016024499999999997
RPE,9,0.01978695,0.265161,0.50101565,0.257702375,1.08955,1.81749125,1.00529,729.511,821.283,0,6,,,,0.2972285,-0.03206750000000003,0.03206750000000003
RPE,10,0.0724029725,0.3281064999999999,0.5445873999999999,0.50674255,1.2674949999999998,1.9834495,1.00932,789.434,647.065,0,7,,,,0.2972285,0.030877999999999906,0.030877999999999906
RPE,13,0.0242258925,0.3040515,0.5255518250000001,0.285795025,1.198875,1.90898475,1.00359,800.953,837.094,0,7,,,,0.2972285,0.006822999999999968,0.006822999999999968
RPE,14,0.0522493925,0.3012145,0.5179397750000002,0.425875825,1.190845,1.8800850000000005,1.00408,907.461,1107.79,0,6,,,,0.2972285,0.0039859999999999896,0.0039859999999999896
RPE,15,0.04135915,0.305186,0.534370025,0.376744725,1.20209,1.9430774999999996,1.00164,2669.26,2673.27,0,6,,,,0.2972285,0.007957500000000006,0.007957500000000006
RPE,16,0.01434363,0.2856045,0.51899795,0.218804075,1.14684,1.88407875,1.00721,762.441,638.915,0,6,,,,0.2972285,-0.011624000000000023,0.011624000000000023
RPE,17,0.0497274975,0.3109795,0.5242154500000001,0.414919625,1.21854,1.9038817500000005,1.00464,901.792,954.834,0,6,,,,0.2972285,0.013751000000000013,0.013751000000000013
RPE,18,0.0634115825,0.3146879999999999,0.5341498,0.4719534,1.229095,1.94221875,1.00592,891.275,1144.83,0,7,,,,0.2972285,0.017459499999999906,0.017459499999999906
RPE,20,0.00205104775,0.1842465,0.442537225,0.082228635,0.862004,1.6160605,1.00669,854.514,894.508,0,7,,,,0.2972285,-0.112982,0.112982
RPE,21,0.0426645175,0.2875485,0.50915365,0.382904325,1.152305,1.84731975,1.00391,906.123,1345.23,0,7,,,,0.2972285,-0.009680000000000022,0.009680000000000022
RPE,22,0.0223904125,0.2760715,0.510082575,0.27449735,1.12009,1.8507490000000004,1.00746,840.365,1125.93,0,7,,,,0.2972285,-0.02115699999999998,0.02115699999999998
RPE,23,0.03031864,0.284744,0.520583075,0.320722875,1.14442,1.89006775,1.00838,596.912,611.841,0,7,,,,0.2972285,-0.01248450000000001,0.01248450000000001
RPE,24,0.03219216,0.308871,0.5369905250000001,0.330803,1.212545,1.9533415,1.00421,703.999,780.824,0,6,,,,0.2972285,0.0116425,0.0116425
RPE,25,0.00273512725,0.1796055,0.428879925,0.0949888924999999,0.848668,1.57178575,1.0076,762.112,1346.72,0,6,,,,0.2972285,-0.117623,0.117623
RPE,26,0.0543197025,0.3142785,0.5396624,0.43470615,1.22793,1.96386325,1.00458,871.675,850.158,0,7,,,,0.2972285,0.01705000000000001,0.01705000000000001
RPE,27,0.0287827475,0.280549,0.5102257250000001,0.312246375,1.132645,1.8512845,1.00529,944.701,1050.34,0,6,,,,0.2972285,-0.016679500000000014,0.016679500000000014
RPE,28,0.0524413275,0.319666,0.54993015,0.426700525,1.2433,2.00494475,1.0036,728.377,653.408,0,6,,,,0.2972285,0.0224375,0.0224375
RPE,29,0.0589371675,0.3044775,0.527445225,0.453915075,1.20008,1.9162492500000003,1.00354,892.27,1328.41,0,6,,,,0.2972285,0.0072490000000000054,0.0072490000000000054
RPE,30,0.05496937,0.2983675,0.52716735,0.437447975,1.182795,1.9151842500000005,1.00402,948.279,1131.42,0,6,,,,0.2972285,0.0011390000000000011,0.0011390000000000011
RPE,31,0.0544759575,0.3061725,0.5325655250000001,0.435366375,1.204885,1.9360415,1.00548,903.516,1289.85,0,7,,,,0.2972285,0.008944000000000007,0.008944000000000007
