outcome,estimand,q025,median,q975
CMJ,Post conditional on baseline,0.03267251500000001,0.34152000000000005,0.6995265249999999
CMJ,Pre-minus-post fatigue change,0.001613666,0.194822,0.48150335
HRV,Post conditional on baseline,0.0007240834250000001,0.141469,0.4393579749999999
HRV,Pre-minus-post suppression,0.0005991315750000003,0.1167435,0.39393562499999984
Mean HR,Absolute bpm,0.658849625,0.8061215,0.902153175
Mean HR,% predicted HRmax,0.68401305,0.819868,0.907640075
Mean HR,Absolute bpm adjusted for predicted HRmax,0.664295475,0.8101635,0.90292535
Maximum HR,Absolute bpm,0.8606811999999999,0.9260664999999999,0.96317945
Maximum HR,% predicted HRmax,0.859624875,0.9239394999999999,0.963394325
Maximum HR,Absolute bpm adjusted for predicted HRmax,0.8550282499999999,0.9230495000000001,0.963413725
